time,download,upload,ping
2020-09-16 16:12:55,46931.71163193494,4954.043262226641,36.549